4888,1.8,0.9970408000000974,99,19,1.39,0.9262289133902052,0.0,4.0,48.88,2.7359824560841033,38,50
9780,1.0,0.9926380000002424,199,47,1.365,0.9065180638023713,0.0,4.0,48.9,2.6115129714401193,38,50
14668,1.1,0.9882388000003872,299,69,1.38,0.8919641248391104,0.0,4.0,48.89333333333333,2.597811044364509,38,50
19587,1.7,0.983811700000533,399,88,1.37,0.9044888059008801,0.0,4.0,48.9675,2.614659394643976,34,50
24520,1.7,0.9793720000006791,499,104,1.412,0.9001422109866862,0.0,4.0,49.04,2.525549445170298,34,50
29406,1.1,0.9749746000008239,599,128,1.405,0.9042354044532136,0.0,4.0,49.01,2.5877725299312275,34,50
34299,1.7,0.9705709000009689,699,152,1.4128571428571428,0.9005429201434033,0.0,4.0,48.99857142857143,2.597525902917338,34,50
39166,1.7,0.9661906000011131,799,175,1.415,0.9029257998307502,0.0,4.0,48.9575,2.6857389579033923,34,50
44082,1.6,0.9617662000012588,899,192,1.42,0.9050721272669684,0.0,4.0,48.98,2.6528056426692435,34,50
48950,1.8,0.957385000001403,999,214,1.421,0.900976692262347,0.0,4.0,48.95,2.7216722800513655,34,50
53839,1.0,0.9529849000015479,1099,238,1.4190909090909092,0.8943250837206239,0.0,4.0,48.944545454545455,2.7085080214906765,34,50
58708,1.8,0.9486028000016922,1199,259,1.4283333333333332,0.896212710366363,0.0,4.0,48.92333333333333,2.7684151101708396,32,50
63553,1.3,0.9442423000018357,1299,284,1.4330769230769231,0.9009301570760044,0.0,4.0,48.886923076923075,2.828478483662971,32,50
68344,1.8,0.9399304000019777,1399,316,1.4307142857142856,0.9020925220659723,0.0,4.0,48.817142857142855,2.9227174942201324,32,50
73249,0.9,0.935515900002123,1499,335,1.434,0.9005427992790421,0.0,4.0,48.83266666666667,2.8965495948724156,32,50
78127,1.7,0.9311257000022676,1599,356,1.4375,0.9033790732577327,0.0,4.0,48.829375,2.9125181732265637,32,50
82977,1.5,0.9267607000024113,1699,382,1.4329411764705882,0.8994623538267498,0.0,4.0,48.81,2.9467459620241923,32,50
87831,1.8,0.9223921000025551,1799,401,1.4416666666666667,0.8993438966515781,0.0,4.0,48.795,2.97856742224998,32,50
92699,1.8,0.9180109000026994,1899,425,1.4463157894736842,0.9030720116201948,0.0,4.0,48.788947368421056,2.9863168562044735,32,50
97562,2.4,0.9136342000028435,1999,455,1.4485,0.9117827317952452,0.0,4.0,48.781,2.996170722772652,32,50
102439,1.7,0.909244900002988,2099,476,1.4528571428571428,0.9129577409358517,0.0,4.0,48.78047619047619,3.014709930278338,32,50
107294,1.7,0.9048754000031318,2199,504,1.4595454545454545,0.9161181805101114,0.0,4.0,48.77,3.0260700586734606,31,50
112177,1.2,0.9004807000032765,2299,525,1.4656521739130435,0.9142082632432452,0.0,4.0,48.772608695652174,3.0317217340923395,31,50
116994,1.3,0.8961454000034192,2399,555,1.4645833333333333,0.9135529503294023,0.0,4.0,48.7475,3.060704235411626,31,50
121741,1.6,0.8918731000035599,2499,587,1.4684,0.9179332437601332,0.0,4.0,48.6964,3.1656005812483676,31,50
126541,1.7,0.8875531000037021,2599,616,1.4703846153846154,0.9181334776818871,0.0,4.0,48.66961538461538,3.220320075789446,31,50
131329,1.4,0.883243900003844,2699,651,1.4759259259259259,0.9196285854918671,0.0,4.0,48.64037037037037,3.2632521627420403,31,50
136228,1.7,0.8788348000039892,2799,669,1.4857142857142858,0.9199046090741793,0.0,4.0,48.652857142857144,3.253491374269952,31,50
141121,1.4,0.8744311000041342,2899,692,1.4944827586206897,0.9215638365708306,0.0,4.0,48.66241379310345,3.2340059019121865,31,50
145905,1.6,0.8701255000042759,2999,726,1.4943333333333333,0.9208517192734609,0.0,4.0,48.635,3.261049166551566,31,50
150749,1.5,0.8657659000044194,3099,754,1.5019354838709678,0.9198506868836104,0.0,4.0,48.62870967741935,3.272941107988037,31,50
155601,1.6,0.8613991000045632,3199,780,1.5065625,0.9185352108622455,0.0,4.0,48.6253125,3.275846726778246,31,50
160482,2.2,0.8570062000047078,3299,800,1.5193939393939393,0.9204344803898548,0.0,4.0,48.63090909090909,3.270272311556874,31,50
165272,2.0,0.8526952000048498,3399,831,1.5235294117647058,0.9210156872680136,0.0,4.0,48.60941176470588,3.303620955661397,31,50
170085,2.1,0.8483635000049924,3499,852,1.5314285714285714,0.9235866201380135,0.0,4.0,48.59571428571429,3.3400999007423082,31,50
174892,1.6,0.8440372000051348,3599,881,1.5386111111111112,0.9271571027662339,0.0,5.0,48.58111111111111,3.358418756380728,31,50
179750,2.1,0.8396650000052788,3699,902,1.5472972972972974,0.9265925622835433,0.0,5.0,48.58108108108108,3.3602073486406,31,50
184586,1.9,0.8353126000054221,3799,928,1.556578947368421,0.9310203127293634,0.0,6.0,48.57526315789474,3.371337183438069,31,50
189506,2.4,0.8308846000055679,3899,943,1.5710256410256411,0.9363494166772192,0.0,6.0,48.59128205128205,3.3494930190328263,31,50
194371,1.6,0.826506100005712,3999,969,1.57525,0.936395983278442,0.0,6.0,48.59275,3.3481184921534664,31,50
199195,1.7,0.822164500005855,4099,1003,1.579268292682927,0.9359015224511354,0.0,6.0,48.584146341463416,3.3504993989682514,31,50
204098,2.0,0.8177518000060002,4199,1022,1.5876190476190477,0.936019458293392,0.0,6.0,48.5947619047619,3.3380306698462894,31,50
208926,1.7,0.8134066000061433,4299,1052,1.5923255813953487,0.9381261312759609,0.0,6.0,48.58744186046512,3.348381138194963,31,50
213712,1.5,0.8090992000062851,4399,1081,1.5977272727272727,0.9397747883895172,0.0,6.0,48.57090909090909,3.3736908694550882,31,50
218556,1.5,0.8047396000064286,4499,1108,1.6013333333333333,0.9388872846797603,0.0,6.0,48.568,3.371520988779067,31,50
223395,1.6,0.800384500006572,4599,1139,1.6054347826086957,0.936327716973485,0.0,6.0,48.56413043478261,3.3673974443484034,31,50
228247,1.8,0.7960177000067158,4699,1159,1.6148936170212767,0.9370571233988081,0.0,6.0,48.5631914893617,3.3721712220119944,31,50
233102,2.2,0.7916482000068596,4799,1185,1.6204166666666666,0.9383495225068795,0.0,6.0,48.562916666666666,3.367213213681143,31,50
237832,1.3,0.7873912000069998,4899,1215,1.623061224489796,0.9407762840653058,0.0,6.0,48.537142857142854,3.4114525005143053,31,50
242692,2.0,0.7830172000071438,4999,1234,1.631,0.9436307540558436,0.0,6.0,48.5384,3.40900651803425,31,50
247580,2.0,0.7786180000072886,5099,1256,1.638235294117647,0.9428309600063429,0.0,6.0,48.54509803921569,3.3992683022068606,31,50
252493,2.2,0.7741963000074342,5199,1275,1.645576923076923,0.9435813801712691,0.0,6.0,48.55634615384616,3.384906843875615,31,50
257299,1.9,0.7698709000075766,5299,1301,1.650566037735849,0.9447819257100822,0.0,6.0,48.54698113207547,3.4075194789823287,31,50
262233,2.1,0.7654303000077228,5399,1314,1.6625925925925926,0.9489998344947465,0.0,6.0,48.56166666666667,3.3940979546745442,31,50
267114,1.7,0.7610374000078675,5499,1334,1.670909090909091,0.9506309344607501,0.0,6.0,48.56618181818182,3.3878636287404116,31,50
271971,2.5,0.7566661000080114,5599,1360,1.6767857142857143,0.9519699634045654,0.0,6.0,48.56625,3.384983151730596,31,50
276872,2.1,0.7522552000081566,5699,1383,1.682280701754386,0.951048392046137,0.0,6.0,48.574035087719295,3.3769018603162646,31,50
281698,2.3,0.7479118000082996,5799,1402,1.6889655172413793,0.9531159238666516,0.0,6.0,48.56862068965517,3.3949934986865093,31,50
286645,2.8,0.7434595000084462,5899,1413,1.700508474576271,0.9564941700741352,0.0,6.0,48.583898305084745,3.3799375768727518,31,50
291547,1.8,0.7390477000085914,5999,1434,1.7081666666666666,0.9565563089657725,0.0,6.0,48.591166666666666,3.3697708090544607,31,50
296487,2.3,0.7346017000087378,6099,1443,1.7163934426229508,0.955515538106816,0.0,6.0,48.6044262295082,3.3578017909800355,31,50
301342,2.3,0.7302322000088817,6199,1464,1.7246774193548386,0.9575695338046004,0.0,6.0,48.60354838709677,3.3630228802105973,31,50
306210,2.5,0.7258510000090259,6299,1483,1.7319047619047618,0.9590162902151137,0.0,6.0,48.60476190476191,3.3676296864731756,31,50
311049,2.7,0.7214959000091693,6399,1504,1.73765625,0.9598604100784329,0.0,6.0,48.60140625,3.3793071438478237,31,50
315919,2.0,0.7171129000093136,6499,1522,1.746,0.9636186606105774,0.0,6.0,48.60292307692308,3.380217208804521,31,50
320765,2.6,0.7127515000094572,6599,1543,1.7527272727272727,0.965499628006371,0.0,6.0,48.60075757575758,3.3891313853686897,31,50
325677,2.3,0.7083307000096027,6699,1554,1.7611940298507462,0.966445282848686,0.0,6.0,48.60850746268657,3.387468457189199,31,50
330598,2.4,0.7039018000097486,6799,1575,1.7686764705882352,0.9670397589182773,0.0,6.0,48.61735294117647,3.372212407677095,31,50
335480,2.6,0.6995080000098932,6899,1589,1.7772463768115943,0.970031202333907,0.0,6.0,48.620289855072464,3.3690655699369763,31,50
340354,2.2,0.6951214000100376,6999,1606,1.7837142857142858,0.9716365743697906,0.0,6.0,48.622,3.3676573459899393,31,50
345188,2.3,0.6907708000101809,7099,1627,1.7887323943661972,0.973819154303628,0.0,6.0,48.61802816901408,3.38001775964928,31,50
349980,2.2,0.6864580000103229,7199,1652,1.7904166666666668,0.9745895681715914,0.0,6.0,48.608333333333334,3.399744679955965,31,50
354774,2.5,0.6821434000104649,7299,1680,1.7946575342465754,0.9766585222167354,0.0,6.0,48.599178082191784,3.414136507460474,31,50
359631,1.8,0.6777721000106088,7399,1696,1.7995945945945946,0.9770196534430743,0.0,6.0,48.59878378378379,3.4221020301273746,31,50
364530,2.0,0.673363000010754,7499,1717,1.8044,0.9773470758469923,0.0,6.0,48.604,3.413461195521832,31,50
369449,2.2,0.6689359000108998,7599,1731,1.8126315789473684,0.9802783820788823,0.0,6.0,48.61171052631579,3.4071356576880225,31,50
374364,2.1,0.6645124000110454,7699,1744,1.8202597402597402,0.9810701472543636,0.0,6.0,48.618701298701296,3.4000478799720173,31,50
379300,2.3,0.6600700000111916,7799,1752,1.8282051282051281,0.9826569732888424,0.0,6.0,48.62820512820513,3.3902914720735633,31,50
384260,2.3,0.6556060000113386,7899,1765,1.8367088607594937,0.9831076038804517,0.0,6.0,48.640506329113926,3.3746080499024282,31,50
389108,2.1,0.6512428000114823,7999,1784,1.842625,0.9850675658933248,0.0,6.0,48.6385,3.380394614538368,31,50
394042,2.1,0.6468022000116285,8099,1794,1.8504938271604938,0.9858222127478571,0.0,6.0,48.64716049382716,3.373747315604768,31,50
398957,2.1,0.6423787000117741,8199,1808,1.8571951219512195,0.9856145469189037,0.0,6.0,48.65329268292683,3.3695789542568746,31,50
403871,2.3,0.6379561000119197,8299,1819,1.8651807228915662,0.9881305965169642,0.0,6.0,48.659156626506025,3.3655725823095004,31,50
408808,2.3,0.633512800012066,8399,1832,1.8727380952380952,0.9897665082885484,0.0,6.0,48.66761904761905,3.3568691546650955,31,50
413724,2.5,0.6290884000122117,8499,1845,1.881529411764706,0.9919499582757103,0.0,6.0,48.67341176470588,3.3525300552905257,31,50
418595,2.2,0.624704500012356,8599,1863,1.8880232558139536,0.9935352895353996,0.0,6.0,48.67383720930233,3.3560101132857056,31,50
423492,2.7,0.6202972000125011,8699,1879,1.8958620689655172,0.9957179027689368,0.0,6.0,48.677241379310345,3.3513026081840307,31,50
428434,2.7,0.6158494000126475,8799,1890,1.9054545454545455,0.9990528572454253,0.0,6.0,48.68568181818182,3.3426411017523208,31,50
433374,2.5,0.6114034000127939,8899,1901,1.9138202247191012,1.0007244629901457,0.0,6.0,48.69370786516854,3.3329989134942526,31,50
438326,2.7,0.6069466000129407,8999,1910,1.9227777777777777,1.0024043626066474,0.0,6.0,48.702888888888886,3.3228087999443563,31,50
443268,2.4,0.6024988000130871,9099,1921,1.9304395604395603,1.0032347813781377,0.0,6.0,48.71076923076923,3.311962079323589,31,50
448172,2.7,0.5980852000132324,9199,1934,1.9377173913043477,1.0048421931705511,0.0,6.0,48.71434782608696,3.310380677028414,31,50
453086,2.9,0.593662600013378,9299,1944,1.9452688172043011,1.0072394846064237,0.0,6.0,48.718924731182796,3.311161788886805,31,50
457990,2.7,0.5892490000135233,9399,1953,1.9532978723404255,1.0097660233491552,0.0,6.0,48.72234042553192,3.3121521657702924,31,50
462949,2.8,0.5847859000136703,9499,1963,1.9605263157894737,1.0102734058514244,0.0,6.0,48.73147368421053,3.2997605873029645,31,50
467865,2.6,0.5803615000138159,9599,1974,1.9682291666666667,1.0126959633321868,0.0,6.0,48.7359375,3.294496698449363,31,50
472783,2.5,0.5759353000139616,9699,1982,1.9761855670103092,1.015016066399651,0.0,6.0,48.740515463917525,3.2962002088421722,31,50
477741,2.8,0.5714731000141086,9799,1989,1.9854081632653062,1.0168435237390736,0.0,6.0,48.74908163265306,3.285310405840499,31,50
482695,2.4,0.5670145000142554,9899,1995,1.994040404040404,1.0185476084556606,0.0,6.0,48.75707070707071,3.280132342897113,31,50
487654,2.7,0.5625514000144023,9999,2005,2.0019,1.0194588711664636,0.0,6.0,48.7654,3.2692755833670555,31,50
492587,2.7,0.5581117000145485,10099,2021,2.008910891089109,1.0193765333830662,0.0,6.0,48.7709900990099,3.259795597355091,31,50
497509,2.0,0.5536819000146943,10199,2031,2.0148039215686273,1.0194560548781681,0.0,6.0,48.77539215686274,3.2553790091588137,31,50
502467,2.8,0.5492197000148412,10299,2038,2.0218446601941746,1.0199031436717345,0.0,6.0,48.78320388349515,3.244605594411421,31,50
507373,3.0,0.5448043000149866,10399,2055,2.027980769230769,1.0210692734426197,0.0,6.0,48.785865384615384,3.243723557940818,31,50
512272,2.4,0.5403952000151317,10499,2069,2.033333333333333,1.0213125697255296,0.0,6.0,48.78780952380952,3.2456159385949657,31,50
517148,2.7,0.5360068000152762,10599,2084,2.037924528301887,1.0218718645268445,0.0,6.0,48.78754716981132,3.2489701739430044,31,50
522073,2.3,0.5315743000154222,10699,2092,2.042803738317757,1.022110510688933,0.0,6.0,48.791869158878505,3.2473640297569206,31,50
527009,3.2,0.5271319000155684,10799,2100,2.049351851851852,1.0228272121086257,0.0,6.0,48.79712962962963,3.2415204339841663,31,50
531954,3.2,0.522681400015715,10899,2105,2.058348623853211,1.0255850992933748,0.0,6.0,48.80311926605505,3.2389189206842506,31,50
536865,2.5,0.5182615000158605,10999,2116,2.0650909090909093,1.0270608952952245,0.0,6.0,48.80590909090909,3.2353813307509673,31,50
541823,2.8,0.5137993000160074,11099,2122,2.073063063063063,1.0292893488182113,0.0,6.0,48.81288288288288,3.2278121023791897,31,50
546757,3.0,0.5093587000161536,11199,2128,2.0795535714285713,1.0302616591991651,0.0,6.0,48.817589285714284,3.2257935749915294,31,50
551665,3.1,0.504941500016299,11299,2137,2.086194690265487,1.0316258485028573,0.0,6.0,48.81991150442478,3.226995094093153,31,50
556578,2.9,0.5005198000164446,11399,2149,2.090175438596491,1.031320889073252,0.0,6.0,48.822631578947366,3.228428560388023,31,50
561553,3.2,0.49604230001634786,11499,2153,2.09704347826087,1.0319125122277806,0.0,6.0,48.830695652173915,3.2197672672412967,31,50
566511,3.2,0.49158010001621955,11599,2160,2.1025862068965515,1.031567371802914,0.0,6.0,48.837155172413794,3.2112864824666842,31,50
571407,2.9,0.48717370001609284,11699,2172,2.108205128205128,1.032920194817872,0.0,6.0,48.838205128205125,3.2130439585056942,31,50
576307,2.8,0.482763700015966,11799,2181,2.1144915254237286,1.0350764300426691,0.0,6.0,48.83957627118644,3.2164476388827206,31,50
581271,2.6,0.47829610001583756,11899,2187,2.120672268907563,1.035776598258473,0.0,6.0,48.846302521008404,3.207893197353038,31,50
586204,2.8,0.4738564000157099,11999,2194,2.1256666666666666,1.0363596008250333,0.0,6.0,48.85033333333333,3.2038934473890084,31,50
591138,2.5,0.4694158000155822,12099,2205,2.1305785123966943,1.0365903241079142,0.0,6.0,48.85438016528926,3.2003023856514847,31,50
595997,1.9,0.46504270001545644,12199,2221,2.1345081967213115,1.0374255671178836,0.0,6.0,48.8522131147541,3.2099300365939447,31,50
600935,2.9,0.46059850001532865,12299,2226,2.140650406504065,1.0386308528616386,0.0,6.0,48.85650406504065,3.2088258581909455,31,50
605777,2.7,0.45624070001520334,12399,2242,2.1445967741935483,1.039918498042149,0.0,6.0,48.85298387096774,3.221888216117873,31,50
610671,2.3,0.4518361000150767,12499,2254,2.1492,1.0412585461834156,0.0,6.0,48.85368,3.2252178930422675,31,50
615578,2.9,0.4474198000149497,12599,2265,2.1535714285714285,1.0418176761289781,0.0,6.0,48.855396825396824,3.2287465381489717,31,50
620520,2.7,0.4429720000148218,12699,2275,2.1589763779527558,1.0426354664874162,0.0,6.0,48.85984251968504,3.2238593744979838,31,50
625378,1.9,0.43859980001469606,12799,2290,2.162421875,1.0436311654609995,0.0,6.0,48.85765625,3.2315419317774503,31,50
630300,2.6,0.4341700000145687,12899,2303,2.166279069767442,1.044080077839708,0.0,6.0,48.86046511627907,3.227219952354681,31,50
635237,3.1,0.4297267000144409,12999,2311,2.172,1.0452606594308647,0.0,6.0,48.864384615384616,3.2248304675406887,31,50
640137,2.8,0.4253167000143141,13099,2322,2.1776335877862594,1.047047708516679,0.0,6.0,48.86541984732825,3.229347004525314,31,50
644952,2.7,0.4209832000141895,13199,2340,2.180530303030303,1.0480427749727754,0.0,6.0,48.86,3.245921450159578,31,50
649792,3.1,0.4166272000140642,13299,2353,2.1856390977443607,1.0505514866680925,0.0,6.0,48.856541353383456,3.2605673303827154,31,50
654685,1.8,0.4122235000139376,13399,2365,2.1897014925373135,1.0509334445735112,0.0,6.0,48.857089552238804,3.263951987096309,31,50
659542,2.7,0.4078522000138119,13499,2378,2.194074074074074,1.0525991085887925,0.0,6.0,48.854962962962965,3.276176831042227,31,50
664449,2.5,0.4034359000136849,13599,2390,2.1983088235294117,1.0535012040719123,0.0,6.0,48.85654411764706,3.275455935635362,31,50
669260,2.6,0.3991060000135604,13699,2409,2.2006569343065694,1.0546869355126034,0.0,6.0,48.85109489051095,3.2917751248752722,31,50
674089,2.0,0.3947599000134354,13799,2422,2.204057971014493,1.056154247134769,0.0,6.0,48.847028985507244,3.3071516509888235,31,50
678900,2.7,0.3904300000133109,13899,2441,2.2083453237410073,1.0585938801323538,0.0,6.0,48.84172661870504,3.3225607546632068,31,50
683721,2.9,0.38609110001318614,13999,2458,2.213,1.0611595409873915,0.0,6.0,48.83721428571429,3.336508133589697,31,50
688542,3.0,0.38175220001306137,14099,2472,2.216241134751773,1.0625701739076554,0.0,6.0,48.83276595744681,3.3508510840944985,31,50
693422,2.9,0.3773602000129351,14199,2481,2.220774647887324,1.06463216814155,0.0,6.0,48.832535211267604,3.3590299649003126,31,50
698364,2.6,0.3729124000128072,14299,2489,2.2253846153846153,1.0653009484705553,0.0,6.0,48.83664335664336,3.356638333329575,31,50
703211,2.7,0.36855010001268174,14399,2501,2.228263888888889,1.0658426699233434,0.0,6.0,48.83409722222222,3.3704666906483536,31,50
708070,2.2,0.364177000012556,14499,2511,2.232344827586207,1.0670045171950424,0.0,6.0,48.83241379310345,3.379928233447868,31,50
712928,3.1,0.35980480001243026,14599,2524,2.237054794520548,1.0692640330339491,0.0,6.0,48.83068493150685,3.3884721286274835,31,50
717798,3.4,0.3554218000123042,14699,2535,2.2406802721088437,1.070459027906784,0.0,6.0,48.829795918367346,3.394534917376674,31,50
722642,2.8,0.35106220001217886,14799,2549,2.243716216216216,1.0716845670992263,0.0,6.0,48.82716216216216,3.404764952108858,31,50
727545,2.9,0.34664950001205197,14899,2557,2.248657718120805,1.0732164275171991,0.0,6.0,48.828523489932884,3.4072453153111777,31,50
732373,2.8,0.342304300011927,14999,2569,2.2522,1.074582939252868,0.0,6.0,48.824866666666665,3.4218993237999014,31,50
737245,3.3,0.33791950001180093,15099,2580,2.2558278145695363,1.075271016270618,0.0,6.0,48.82417218543046,3.427606825925873,31,50
742065,2.7,0.3335815000116762,15199,2593,2.2592763157894735,1.077008284416706,0.0,6.0,48.82006578947368,3.440919399152096,31,50
746990,3.0,0.32914900001154873,15299,2599,2.264313725490196,1.0780372898505612,0.0,6.0,48.82287581699347,3.4407210965605954,31,50
751934,3.1,0.3246994000114208,15399,2607,2.268896103896104,1.079306572535018,0.0,6.0,48.82688311688312,3.4365347087611604,31,50
756761,2.8,0.32035510001129586,15499,2618,2.2729032258064517,1.08138559130699,0.0,6.0,48.82329032258065,3.4516101169720437,31,50
761685,3.2,0.3159235000111684,15599,2630,2.276474358974359,1.081978425591334,0.0,6.0,48.82596153846154,3.4510541456878694,31,50
766603,2.8,0.31149730001104114,15699,2638,2.2812101910828027,1.0832675565767722,0.0,6.0,48.82821656050955,3.4516837953620896,31,50
771478,3.2,0.307109800010915,15799,2649,2.2850632911392403,1.085289290509907,0.0,6.0,48.82772151898734,3.4574544119996613,31,50
776344,2.8,0.30273040001078905,15899,2658,2.2887421383647797,1.0866654563436355,0.0,6.0,48.82666666666667,3.4661371148516014,31,50
781211,3.3,0.2983501000106631,15999,2668,2.2923125,1.0881134602346163,0.0,6.0,48.8256875,3.4743060677412614,31,50
786132,2.7,0.29392120001053573,16099,2675,2.2969565217391303,1.0896250101323455,0.0,6.0,48.82807453416149,3.474415007827731,31,50
790963,3.5,0.2895733000104107,16199,2688,2.3012345679012345,1.0921147033278207,0.0,6.0,48.824876543209875,3.487102999688629,31,50
795889,3.3,0.2851399000102832,16299,2697,2.3063803680981594,1.0937619115345858,0.0,6.0,48.82754601226994,3.486153432808907,31,50
800822,3.3,0.28070020001015555,16399,2702,2.312560975609756,1.0956625247918241,0.0,6.0,48.83060975609756,3.4839653072818964,31,50
805721,3.4,0.27629110001002877,16499,2713,2.316909090909091,1.0969898859685787,0.0,6.0,48.831575757575756,3.4867971674138185,31,50
810511,2.6,0.2719801000099048,16599,2726,2.3206626506024097,1.0992909190699252,0.0,6.0,48.82596385542168,3.503648782893955,31,50
815412,3.1,0.26756920000977796,16699,2733,2.3250299401197605,1.1007275080635446,0.0,6.0,48.827065868263475,3.5071062694025863,31,50
820349,2.9,0.2631259000096502,16799,2738,2.3296428571428573,1.1022282047317253,0.0,6.0,48.83029761904762,3.50546493852562,31,50
825270,2.9,0.25869700000952284,16899,2745,2.333372781065089,1.1034581937230936,0.0,6.0,48.83254437869822,3.5051618790472983,31,50
830100,3.1,0.25435000000939784,16999,2758,2.3373529411764706,1.1059805572791888,0.0,6.0,48.82941176470588,3.5165933893107324,31,50
835009,3.0,0.2499319000092729,17099,2763,2.3419298245614035,1.107226034805645,0.0,6.0,48.83093567251462,3.519504841479169,31,50
839824,3.2,0.24559840000928193,17199,2775,2.3458720930232557,1.10909052723089,0.0,6.0,48.82697674418605,3.5351152310969423,31,50
844718,3.3,0.2411938000092911,17299,2781,2.3497109826589595,1.1101801279382444,0.0,6.0,48.82763005780347,3.539520826068364,31,50
849656,3.6,0.23674960000930037,17399,2786,2.355632183908046,1.1119349409867398,0.0,6.0,48.830804597701146,3.5382790863430236,31,50
854527,3.3,0.2323657000093095,17499,2794,2.360057142857143,1.1136626814988753,0.0,6.0,48.83011428571429,3.5445405083748445,31,50
859461,3.3,0.22792510000931876,17599,2799,2.365625,1.115138676786842,0.0,6.0,48.833011363636366,3.5433213457096686,31,50
864374,2.9,0.22350340000932797,17699,2804,2.3705649717514126,1.1164022205706399,0.0,6.0,48.834689265536724,3.5448721681824904,31,50
869245,3.5,0.2191195000093371,17799,2811,2.375337078651685,1.1186210656988245,0.0,6.0,48.833988764044946,3.5524673874927544,31,50
874134,3.4,0.21471940000934628,17899,2817,2.379441340782123,1.120076673687558,0.0,6.0,48.834301675977656,3.557732461348592,31,50
879051,3.3,0.2102941000093555,17999,2824,2.384333333333333,1.1216847943062158,0.0,6.0,48.836166666666664,3.557510486437266,31,50
883946,3.8,0.20588860000936468,18099,2830,2.389226519337017,1.123404926216278,0.0,6.0,48.8367955801105,3.5611772073092514,31,50
888909,3.3,0.201421900009374,18199,2833,2.3951648351648354,1.1248925346839183,0.0,6.0,48.841153846153844,3.5570528590766584,31,50
893860,3.3,0.19696600000938327,18299,2838,2.4004371584699453,1.1261326175368735,0.0,6.0,48.8448087431694,3.553857727152508,31,50
898729,3.0,0.1925839000093924,18399,2849,2.4045108695652173,1.1275267662355093,0.0,6.0,48.843967391304346,3.5605555744766395,31,50
903668,3.1,0.18813880000940167,18499,2853,2.4096216216216217,1.1287373321273249,0.0,6.0,48.84691891891892,3.558260084825685,31,50
908568,2.9,0.18372880000941086,18599,2860,2.4141935483870967,1.1303023884875862,0.0,6.0,48.847741935483874,3.5614181448153364,31,50
913515,3.3,0.17927650000942014,18699,2864,2.4183957219251337,1.1315237909091715,0.0,6.0,48.85106951871658,3.558541945974981,31,50
918476,3.6,0.17481160000942944,18799,2868,2.423244680851064,1.132950442909454,0.0,6.0,48.855106382978725,3.554793809946767,31,50
923457,3.3,0.17032870000943878,18899,2871,2.4285714285714284,1.1337200887374952,0.0,6.0,48.86015873015873,3.5487191185288456,31,50
928316,3.7,0.1659556000094479,18999,2885,2.432684210526316,1.1354550005049717,0.0,6.0,48.858736842105266,3.557060064037291,31,50
933297,3.3,0.16147270000945724,19099,2888,2.4380104712041883,1.1364868342825991,0.0,6.0,48.86371727748691,3.5510359529179856,31,50
938278,3.6,0.15698980000946658,19199,2891,2.4440625,1.13784159534346,0.0,6.0,48.86864583333333,3.545057627585101,31,50
943261,3.6,0.15250510000947592,19299,2895,2.4493264248704665,1.1388895883636279,0.0,6.0,48.873626943005185,3.538630455152697,31,50
948187,3.3,0.14807170000948516,19399,2901,2.4543298969072165,1.1403005637568162,0.0,6.0,48.87561855670103,3.5392123561498385,31,50
953149,3.5,0.14360590000949447,19499,2905,2.4593333333333334,1.1412263159748395,0.0,6.0,48.8794358974359,3.535661210383259,31,50
958058,3.7,0.13918780000950368,19599,2910,2.463673469387755,1.1426815827255676,0.0,6.0,48.88051020408163,3.538073923285178,31,50
963058,3.4,0.13468780000951305,19699,2910,2.468781725888325,1.1440821196569977,0.0,6.0,48.88619289340102,3.5299792529480842,31,50
968058,3.4,0.13018780000952243,19799,2910,2.472777777777778,1.1460368077678387,0.0,6.0,48.89181818181818,3.521938992937335,31,50
973040,3.7,0.12570400000953177,19899,2912,2.4776884422110554,1.1474484183530824,0.0,6.0,48.8964824120603,3.5149555117655,31,50
978039,3.1,0.12120490000954115,19999,2914,2.4817,1.148636195668585,0.0,6.0,48.90195,3.5070124318998355,31,50
983030,3.1,0.11671300000955051,20099,2915,2.4856218905472636,1.1498830727138472,0.0,6.0,48.906965174129354,3.4995666034128408,31,50
988002,3.8,0.11223820000955984,20199,2917,2.49009900990099,1.1516673191331843,0.0,6.0,48.9109900990099,3.4944365981536754,31,50
993000,0.2,0.10774000000956921,20299,2918,2.481576354679803,1.1586068914429204,0.0,6.0,48.916256157635466,3.4866503712346257,31,50
998000,0.2,0.10324000000957859,20399,2918,2.470441176470588,1.166992448129281,0.0,6.0,48.92156862745098,3.478917666120199,31,50
1003000,0.1,0.09999910000958534,20499,2918,2.459219512195122,1.1754585511505427,0.0,6.0,48.926829268292686,3.4712354158590424,31,50
1008000,0.3,0.09999910000958534,20599,2918,2.448495145631068,1.183202691511364,0.0,6.0,48.932038834951456,3.4636030847354515,31,50
1013000,0.3,0.09999910000958534,20699,2918,2.4381642512077293,1.190295912575932,0.0,6.0,48.93719806763285,3.4560201447564585,31,50
1018000,0.5,0.09999910000958534,20799,2918,2.4272596153846155,1.1981946314800211,0.0,6.0,48.94230769230769,3.4484860755145514,31,50
1023000,0.1,0.09999910000958534,20899,2918,2.4169377990430623,1.205029412953557,0.0,6.0,48.94736842105263,3.4410003640532,31,50
1028000,0.3,0.09999910000958534,20999,2918,2.4064761904761904,1.2120490175160732,0.0,6.0,48.95238095238095,3.4335625047351193,31,50
1033000,0.1,0.09999910000958534,21099,2918,2.396350710900474,1.2185439023403195,0.0,6.0,48.95734597156398,3.4261719991132185,31,50
1038000,0.3,0.09999910000958534,21199,2918,2.385990566037736,1.2254078873897614,0.0,6.0,48.9622641509434,3.418828355804177,31,50
1043000,0.4,0.09999910000958534,21299,2918,2.375868544600939,1.2317550445448688,0.0,6.0,48.967136150234744,3.4115310903645812,31,50
1048000,0.3,0.09999910000958534,21399,2918,2.3656542056074765,1.2382486094254237,0.0,6.0,48.97196261682243,3.4042797251695736,31,50
1053000,0.0,0.09999910000958534,21499,2918,2.3557674418604653,1.2445926733919406,0.0,6.0,48.97674418604651,3.3970737892939655,31,50
1058000,0.2,0.09999910000958534,21599,2918,2.346203703703704,1.2501682979981599,0.0,6.0,48.98148148148148,3.389912818395737,31,50
1063000,0.1,0.09999910000958534,21699,2918,2.3364976958525348,1.2558598835975745,0.0,6.0,48.986175115207374,3.3827963546019046,31,50
1068000,0.1,0.09999910000958534,21799,2918,2.3268348623853212,1.2615030645638083,0.0,6.0,48.99082568807339,3.3757239463966697,31,50
1073000,0.2,0.09999910000958534,21899,2918,2.317214611872146,1.2670627251148754,0.0,6.0,48.99543378995434,3.3686951485118235,31,50
1078000,0.3,0.09999910000958534,21999,2918,2.3077727272727273,1.2722755359025806,0.0,6.0,49.0,3.361709521819354,31,50
1083000,0.2,0.09999910000958534,22099,2918,2.2989140271493214,1.2767566009024724,0.0,6.0,49.00452488687783,3.354766633226191,31,50
1088000,0.4,0.09999910000958534,22199,2918,2.2893243243243244,1.282218479100604,0.0,6.0,49.009009009009006,3.3478660555710653,31,50
1093000,0.4,0.09999910000958534,22299,2918,2.2807174887892376,1.2865413801654413,0.0,6.0,49.01345291479821,3.3410073675234186,31,50
1098000,0.2,0.09999910000958534,22399,2918,2.27125,1.2916954009860728,0.0,6.0,49.017857142857146,3.334190153484327,31,50
1103000,0.2,0.09999910000958534,22499,2918,2.262311111111111,1.2962825450275914,0.0,6.0,49.022222222222226,3.3274140034893893,31,50
1108000,0.4,0.09999910000958534,22599,2918,2.2529646017699116,1.3012383715645344,0.0,6.0,49.02654867256637,3.320678513113546,31,50
1113000,0.4,0.09999910000958534,22699,2918,2.2444933920704844,1.3053104289921347,0.0,6.0,49.030837004405285,3.313983283377773,31,50
1118000,0.3,0.09999910000958534,22799,2918,2.2357894736842105,1.3094192463440477,0.0,6.0,49.03508771929825,3.3073279206576216,31,50
1123000,0.2,0.09999910000958534,22899,2918,2.2271615720524016,1.3134225682887077,0.0,6.0,49.03930131004367,3.300712036593554,31,50
1128000,0.4,0.09999910000958534,22999,2918,2.2185217391304346,1.3174367361946593,0.0,6.0,49.04347826086956,3.2941352480030477,31,50
1133000,0.2,0.09999910000958534,23099,2918,2.2098701298701298,1.321460388695524,0.0,6.0,49.04761904761905,3.287597176794418,31,50
1138000,0.1,0.09999910000958534,23199,2918,2.2016810344827586,1.324948509729119,0.0,6.0,49.05172413793103,3.2810974498823193,31,50
1142991,0.6,0.09999910000958534,23299,2919,2.1934763948497853,1.3284895487742663,0.0,6.0,49.055407725321885,3.275055080142328,31,50
1147991,0.3,0.09999910000958534,23399,2919,2.1853846153846153,1.3318549743060715,0.0,6.0,49.059444444444445,3.268630445691792,31,50
1152991,0.3,0.09999910000958534,23499,2919,2.177063829787234,1.3355091053204553,0.0,6.0,49.06344680851064,3.262243065995965,31,50
1157991,0.0,0.09999910000958534,23599,2919,2.16885593220339,1.3389869227309392,0.0,6.0,49.06741525423729,3.255892587206821,31,50
1162991,0.8,0.09999910000958534,23699,2919,2.1607172995780592,1.3425026664896975,0.0,6.0,49.071350210970465,3.249578660083423,31,50
1167991,0.5,0.09999910000958534,23799,2919,2.1527731092436975,1.345807635666429,0.0,6.0,49.07525210084034,3.243300939916821,31,50
1172991,0.1,0.09999910000958534,23899,2919,2.14489539748954,1.348999741610741,0.0,6.0,49.07912133891213,3.2370590864563966,31,50
1177991,0.1,0.09999910000958534,23999,2919,2.1369583333333333,1.3521405554147181,0.0,6.0,49.08295833333333,3.230852763837625,31,50
1182991,0.5,0.09999910000958534,24099,2919,2.1290871369294604,1.3551715898919625,0.0,6.0,49.08676348547718,3.2246816405112138,31,50
1187991,0.3,0.09999910000958534,24199,2919,2.121322314049587,1.3582590595954651,0.0,6.0,49.09053719008264,3.218545389173596,31,50
1192991,0.1,0.09999910000958534,24299,2919,2.1134979423868314,1.3612656401304932,0.0,6.0,49.09427983539095,3.2124436866987525,31,50
1197991,0.4,0.09999910000958534,24399,2919,2.105860655737705,1.3639918802674873,0.0,6.0,49.09799180327869,3.2063762140713186,31,50
1202991,0.2,0.09999910000958534,24499,2919,2.0982857142857143,1.3667677944997212,0.0,6.0,49.101673469387755,3.2003426563209687,31,50
1207991,0.2,0.09999910000958534,24599,2919,2.09109756097561,1.3691260396446616,0.0,6.0,49.10532520325203,3.194342702458036,31,50
1212991,0.1,0.09999910000958534,24699,2919,2.0834008097165992,1.3719603034233114,0.0,6.0,49.108947368421056,3.188376045410346,31,50
1217991,0.1,0.09999910000958534,24799,2919,2.0756048387096775,1.3748788938956815,0.0,6.0,49.11254032258064,3.182442381961238,31,50
1222991,0.2,0.09999910000958534,24899,2919,2.0682329317269077,1.377400383776901,0.0,6.0,49.116104417670684,3.176541412688754,31,50
1227991,0.5,0.09999910000958534,24999,2919,2.06124,1.3794961625173157,0.0,6.0,49.11964,3.1706728419059576,31,50
1232991,0.4,0.09999910000958534,25099,2919,2.053745019920319,1.38207791433044,0.0,6.0,49.12314741035856,3.164836377602369,31,50
1237991,0.1,0.09999910000958534,25199,2919,2.046626984126984,1.3842110424590275,0.0,6.0,49.126626984126986,3.159031731386498,31,50
1242991,0.0,0.09999910000958534,25299,2919,2.0394861660079053,1.3864042455294414,0.0,6.0,49.1300790513834,3.153258618429433,31,50
1247991,0.2,0.09999910000958534,25399,2919,2.0324015748031496,1.3885688194312633,0.0,6.0,49.13350393700787,3.1475167574094782,31,50
1252991,0.1,0.09999910000958534,25499,2919,2.025372549019608,1.3906492200997673,0.0,6.0,49.136901960784314,3.1418058704578193,31,50
1257991,0.1,0.09999910000958534,25599,2919,2.0180859375,1.3930439104223333,0.0,6.0,49.1402734375,3.1361256831051803,31,50
1262991,0.0,0.09999910000958534,25699,2919,2.010894941634241,1.3952803912782896,0.0,6.0,49.1436186770428,3.1304759242294695,31,50
1267991,0.1,0.09999910000958534,25799,2919,2.004186046511628,1.397083727673786,0.0,6.0,49.14693798449613,3.124856326004378,31,50
1272991,0.3,0.09999910000958534,25899,2919,1.997104247104247,1.3992659799226288,0.0,6.0,49.15023166023166,3.1192666238489233,31,50
1277991,0.1,0.09999910000958534,25999,2919,1.9902692307692307,1.4011333066126892,0.0,6.0,49.1535,3.113706556377908,31,50
1282991,0.2,0.09999910000958534,26099,2919,1.9833333333333334,1.403222208721701,0.0,6.0,49.156743295019155,3.1081758653532816,31,50
1287991,0.1,0.09999910000958534,26199,2919,1.9765267175572518,1.4050965565595974,0.0,6.0,49.15996183206107,3.1026742956363873,31,50
1292991,0.0,0.09999910000958534,26299,2919,1.9696577946768061,1.4070678046383869,0.0,6.0,49.16315589353612,3.097201595141064,31,50
1297991,0.1,0.09999910000958534,26399,2919,1.9630303030303031,1.408818513912396,0.0,6.0,49.166325757575756,3.0917575147876066,31,50
1302991,0.5,0.09999910000958534,26499,2919,1.9564905660377359,1.4105376149250852,0.0,6.0,49.169471698113206,3.086341808457541,31,50
1307991,0.1,0.09999910000958534,26599,2919,1.9497744360902256,1.4124433403582695,0.0,6.0,49.172593984962404,3.080954232949222,31,50
1312991,0.2,0.09999910000958534,26699,2919,1.9431460674157304,1.4141565653768302,0.0,6.0,49.17569288389513,3.0755945479342195,31,50
1317991,0.1,0.09999910000958534,26799,2919,1.9366417910447762,1.415774902016165,0.0,6.0,49.178768656716414,3.070262515914484,31,50
1322991,0.0,0.09999910000958534,26899,2919,1.9301115241635687,1.4173986548145754,0.0,6.0,49.18182156133829,3.0649579021802795,31,50
1327991,0.5,0.09999910000958534,26999,2919,1.9241851851851852,1.4186039965542816,0.0,6.0,49.18485185185185,3.0596804747688537,31,50
1332991,0.3,0.09999910000958534,27099,2919,1.9178228782287823,1.4200721299415513,0.0,6.0,49.18785977859778,3.0544300044238493,31,50
1337991,0.1,0.09999910000958534,27199,2919,1.9115073529411766,1.4214998060060882,0.0,6.0,49.19084558823529,3.049206264555427,31,50
1342991,0.2,0.09999910000958534,27299,2919,1.9054212454212454,1.42283570822106,0.0,6.0,49.19380952380953,3.0440090312010963,31,50
1347991,0.3,0.09999910000958534,27399,2919,1.8993065693430657,1.4241553627522925,0.0,6.0,49.19675182481752,3.0388380829872226,31,50
1352991,0.2,0.09999910000958534,27499,2919,1.893418181818182,1.4253370726177412,0.0,6.0,49.19967272727273,3.033693201091222,31,50
1357991,0.2,0.09999910000958534,27599,2919,1.887536231884058,1.4263680499452593,0.0,6.0,49.202572463768114,3.0285741692044112,31,50
1362991,0.6,0.09999910000958534,27699,2919,1.881624548736462,1.4274620493581074,0.0,6.0,49.2054512635379,3.023480773495502,31,50
1367991,0.1,0.09999910000958534,27799,2919,1.8758633093525179,1.4284443956232982,0.0,6.0,49.208309352517986,3.0184128025747343,31,50
1372991,0.4,0.09999910000958534,27899,2919,1.8702150537634408,1.429653299196143,0.0,6.0,49.21114695340502,3.01337004745863,31,50
1377991,0.7,0.09999910000958534,27999,2919,1.8643571428571428,1.4309191405298534,0.0,6.0,49.21396428571428,3.0083523015353544,31,50
1382991,0.2,0.09999910000958534,28099,2919,1.8583629893238434,1.432121149091959,0.0,6.0,49.2167615658363,3.003359360530675,31,50
1387991,0.1,0.09999910000958534,28199,2919,1.8525886524822694,1.4332204849403996,0.0,6.0,49.2195390070922,2.9983910224745123,31,50
1392991,0.0,0.09999910000958534,28299,2919,1.8469257950530036,1.4341232968388837,0.0,6.0,49.222296819787985,2.99344708766805,31,50
1397991,0.0,0.09999910000958534,28399,2919,1.8413380281690142,1.435184990222338,0.0,6.0,49.2250352112676,2.988527358651423,31,50
1402991,0.2,0.09999910000958534,28499,2919,1.835578947368421,1.4361439959490991,0.0,6.0,49.227754385964914,2.9836316401719483,31,50
1407991,0.2,0.09999910000958534,28599,2919,1.83,1.437065045172258,0.0,6.0,49.23045454545454,2.978759739152894,31,50
1412991,0.6,0.09999910000958534,28699,2919,1.8246341463414635,1.437724485226357,0.0,6.0,49.23313588850174,2.97391146466279,31,50
1417991,0.0,0.09999910000958534,28799,2919,1.8189236111111111,1.4386612052909407,0.0,6.0,49.235798611111115,2.9690866278852424,31,50
1422991,0.1,0.09999910000958534,28899,2919,1.8135294117647058,1.4394120050962564,0.0,6.0,49.23844290657439,2.9642850420892697,31,50
1427991,0.0,0.09999910000958534,28999,2919,1.8080344827586208,1.4402625235497777,0.0,6.0,49.24106896551724,2.959506522600132,31,50
1432991,0.1,0.09999910000958534,29099,2919,1.802680412371134,1.4409689243072084,0.0,6.0,49.243676975945014,2.954750886770652,31,50
1437991,0.1,0.09999910000958534,29199,2919,1.7972945205479451,1.441712098954346,0.0,6.0,49.24626712328767,2.9500179539530174,31,50
1442991,0.5,0.09999910000958534,29299,2919,1.7919453924914677,1.442453577992398,0.0,6.0,49.24883959044369,2.945307545471051,31,50
1447991,0.0,0.09999910000958534,29399,2919,1.7864285714285715,1.4433047985427743,0.0,6.0,49.251394557823126,2.940619484592942,31,50
1452991,0.3,0.09999910000958534,29499,2919,1.7812881355932204,1.4439690011561583,0.0,6.0,49.25393220338983,2.9359535965044388,31,50
1457991,0.4,0.09999910000958534,29599,2919,1.775945945945946,1.444678884098207,0.0,6.0,49.2564527027027,2.9313097082824724,31,50
1462991,0.0,0.09999910000958534,29699,2919,1.7705723905723905,1.4454232922980916,0.0,6.0,49.25895622895623,2.9266876488692284,31,50
1467991,0.2,0.09999910000958534,29799,2919,1.7653355704697986,1.446077680902565,0.0,6.0,49.261442953020136,2.9220872490466374,31,50
1472991,0.1,0.09999910000958534,29899,2919,1.7606020066889632,1.446508761623713,0.0,6.0,49.26391304347826,2.9175083414112892,31,50
1477991,0.1,0.09999910000958534,29999,2919,1.7555,1.4470152325851078,0.0,6.0,49.26636666666667,2.912950760349756,31,50
1482991,0.2,0.09999910000958534,30099,2919,1.7501661129568107,1.4477528602974712,0.0,6.0,49.268803986710964,2.9084143420143227,31,50
1487991,0.4,0.09999910000958534,30199,2919,1.7453973509933776,1.4481017516638086,0.0,6.0,49.27122516556292,2.903898924299105,31,50
1492991,0.2,0.09999910000958534,30299,2919,1.7406930693069307,1.4484044418758506,0.0,6.0,49.273630363036304,2.8994043468165684,31,50
1497991,0.3,0.09999910000958534,30399,2919,1.7359539473684211,1.448768786894291,0.0,6.0,49.2760197368421,2.894930450874413,31,50
1502991,0.3,0.09999910000958534,30499,2919,1.7311475409836066,1.4491762480470725,0.0,6.0,49.27839344262295,2.890477079452845,31,50
1507991,0.0,0.09999910000958534,30599,2919,1.7261764705882352,1.4496859322596274,0.0,6.0,49.28075163398693,2.8860440771822082,31,50
1512991,0.2,0.09999910000958534,30699,2919,1.721172638436482,1.4502301040044614,0.0,6.0,49.28309446254072,2.8816312903209806,31,50
1517991,0.0,0.09999910000958534,30799,2919,1.716396103896104,1.450522968471283,0.0,6.0,49.28542207792208,2.877238566734114,31,50
1522991,0.2,0.09999910000958534,30899,2919,1.711715210355987,1.4509450005506805,0.0,6.0,49.28773462783172,2.8728657558717323,31,50
1527991,0.6,0.09999910000958534,30999,2919,1.7069032258064516,1.4513277870534502,0.0,6.0,49.290032258064514,2.8685127087481654,31,50
1532991,0.4,0.09999910000958534,31099,2919,1.7021221864951768,1.4516922150791,0.0,6.0,49.292315112540194,2.8641792779213144,31,50
1537991,0.1,0.09999910000958534,31199,2919,1.6972435897435898,1.4521884783186625,0.0,6.0,49.294583333333335,2.859865317472345,31,50
1542991,0.1,0.09999910000958534,31299,2919,1.692523961661342,1.452582261719322,0.0,6.0,49.29683706070288,2.855570682985708,31,50
1547991,0.2,0.09999910000958534,31399,2919,1.6878662420382167,1.4528883711598366,0.0,6.0,49.299076433121016,2.85129523152947,31,50
1552991,0.1,0.09999910000958534,31499,2919,1.6833015873015873,1.453169678803651,0.0,6.0,49.30130158730159,2.8470388216359543,31,50
1557991,0.3,0.09999910000958534,31599,2919,1.678639240506329,1.4534722882247866,0.0,6.0,49.303512658227845,2.842801313282691,31,50
1562991,0.3,0.09999910000958534,31699,2919,1.673943217665615,1.4539609458671843,0.0,6.0,49.305709779179814,2.838582567873661,31,50
1567991,0.0,0.09999910000958534,31799,2919,1.6694654088050314,1.4541498944297715,0.0,6.0,49.30789308176101,2.8343824482208335,31,50
1572991,0.1,0.09999910000958534,31899,2919,1.6648902821316613,1.4544244152968278,0.0,6.0,49.31006269592476,2.830200818525994,31,50
1577991,0.3,0.09999910000958534,31999,2919,1.6604375,1.4546510951406009,0.0,6.0,49.31221875,2.826037544362855,31,50
1582991,0.4,0.09999910000958534,32099,2919,1.6561993769470404,1.4547357011666526,0.0,6.0,49.31436137071651,2.8218924926594418,31,50
1587991,0.2,0.09999910000958534,32199,2919,1.651832298136646,1.4548451059941367,0.0,6.0,49.316490683229816,2.817765531680751,31,50
1592991,0.2,0.09999910000958534,32299,2919,1.6474303405572754,1.454968393242039,0.0,6.0,49.318606811145514,2.813656531011682,31,50
1597991,0.2,0.09999910000958534,32399,2919,1.6427777777777777,1.4552534673798196,0.0,6.0,49.32070987654321,2.809565361540224,31,50
1602991,0.4,0.09999910000958534,32499,2919,1.6383384615384615,1.4554410410268517,0.0,6.0,49.3228,2.805491895440907,31,50
1607991,0.1,0.09999910000958534,32599,2919,1.6339877300613497,1.4555873057832787,0.0,6.0,49.324877300613494,2.801436006158503,31,50
1612991,0.0,0.09999910000958534,32699,2919,1.6296636085626912,1.4556777617893384,0.0,6.0,49.326941896024465,2.797397568391975,31,50
1617991,0.1,0.09999910000958534,32799,2919,1.6253353658536585,1.4557785017186955,0.0,6.0,49.328993902439024,2.793376458078679,31,50
1622991,0.1,0.09999910000958534,32899,2919,1.6210030395136779,1.4559101530832677,0.0,6.0,49.33103343465046,2.789372552378795,31,50
1627991,0.2,0.09999910000958534,32999,2919,1.6166363636363636,1.4560955121474235,0.0,6.0,49.333060606060606,2.78538572966,31,50
1632983,0.4,0.09999910000958534,33099,2920,1.6125679758308158,1.4560175346091324,0.0,6.0,49.334833836858,2.7817056461270204,31,50
1637983,0.0,0.09999910000958534,33199,2920,1.6084036144578313,1.4561032271716543,0.0,6.0,49.33683734939759,2.7777523413598852,31,50
1642983,0.3,0.09999910000958534,33299,2920,1.6044444444444443,1.4561224396409433,0.0,6.0,49.33882882882883,2.7738157623774047,31,50
1647983,0.5,0.09999910000958534,33399,2920,1.6002395209580837,1.4562316852317232,0.0,6.0,49.34080838323354,2.7698957922293688,31,50
1652983,0.8,0.09999910000958534,33499,2920,1.5962089552238805,1.4562363935672171,0.0,6.0,49.342776119402984,2.7659923150997567,31,50
1657983,0.5,0.09999910000958534,33599,2920,1.5922619047619047,1.4561444943922126,0.0,6.0,49.34473214285714,2.7621052162927464,31,50
1662983,0.2,0.09999910000958534,33699,2920,1.5882492581602374,1.456129444329,0.0,6.0,49.3466765578635,2.758234382218926,31,50
1667983,0.1,0.09999910000958534,33799,2920,1.5842603550295857,1.4560832047239485,0.0,6.0,49.348609467455624,2.7543797003817145,31,50
1672983,0.2,0.09999910000958534,33899,2920,1.5801769911504424,1.4560531666568222,0.0,6.0,49.35053097345133,2.7505410593639823,31,50
1677983,0.1,0.09999910000958534,33999,2920,1.5762941176470588,1.455942115232118,0.0,6.0,49.35244117647059,2.7467183488148663,31,50
1682983,0.1,0.09999910000958534,34099,2920,1.5725219941348973,1.4558170616409667,0.0,6.0,49.35434017595308,2.742911459436787,31,50
1687983,0.5,0.09999910000958534,34199,2920,1.5688011695906432,1.4556013090790978,0.0,6.0,49.35622807017544,2.739120282972652,31,50
1692983,0.5,0.09999910000958534,34299,2920,1.5652478134110788,1.4554910144372117,0.0,6.0,49.35810495626822,2.735344712193244,31,50
1697983,0.1,0.09999910000958534,34399,2920,1.5613372093023257,1.4554087023723095,0.0,6.0,49.359970930232556,2.7315846408847992,31,50
1702983,0.5,0.09999910000958534,34499,2920,1.5576231884057972,1.4552498177034987,0.0,6.0,49.36182608695652,2.7278399638367676,31,50
1707983,0.2,0.09999910000958534,34599,2920,1.5539017341040462,1.45508350738547,0.0,6.0,49.36367052023122,2.7241105768297444,31,50
1712983,0.4,0.09999910000958534,34699,2920,1.5503458213256485,1.454824487568694,0.0,6.0,49.36550432276657,2.7203963766235852,31,50
1717983,0.2,0.09999910000958534,34799,2920,1.5464655172413793,1.45472738350015,0.0,6.0,49.3673275862069,2.7166972609456885,31,50
1722983,0.3,0.09999910000958534,34899,2920,1.5426361031518625,1.4546197277614645,0.0,6.0,49.36914040114613,2.7130131284794485,31,50
1727983,0.5,0.09999910000958534,34999,2920,1.5391142857142857,1.4544557405519392,0.0,6.0,49.37094285714286,2.7093438788528768,31,50
1732983,0.3,0.09999910000958534,35099,2920,1.5352991452991454,1.4543506237228063,0.0,6.0,49.372735042735044,2.705689412627384,31,50
1737983,0.1,0.09999910000958534,35199,2920,1.5317613636363636,1.4542110755126285,0.0,6.0,49.374517045454546,2.702049631286725,31,50
1742983,0.2,0.09999910000958534,35299,2920,1.528016997167139,1.4540486720834291,0.0,6.0,49.37628895184136,2.6984244372261035,31,50
1747983,0.5,0.09999910000958534,35399,2920,1.5245197740112995,1.453718365353888,0.0,6.0,49.37805084745763,2.6948137337414306,31,50
1752983,0.2,0.09999910000958534,35499,2920,1.5208450704225351,1.453520007642325,0.0,6.0,49.37980281690141,2.691217425018733,31,50
1757983,0.7,0.09999910000958534,35599,2920,1.5172191011235956,1.4532745347466225,0.0,6.0,49.381544943820224,2.6876354161237206,31,50
1762983,0.5,0.09999910000958534,35699,2920,1.5137535014005603,1.4529237116199392,0.0,6.0,49.38327731092437,2.6840676129914938,31,50
1767983,0.2,0.09999910000958534,35799,2920,1.5103631284916201,1.452566167680376,0.0,6.0,49.385,2.6805139224164005,31,50
1772983,0.6,0.09999910000958534,35899,2920,1.5068523676880223,1.4523376058548465,0.0,6.0,49.386713091922005,2.6769742520420348,31,50
1777983,0.1,0.09999910000958534,35999,2920,1.5033333333333334,1.4520445355888136,0.0,6.0,49.388416666666664,2.6734485103513776,31,50
1782983,0.1,0.09999910000958534,36099,2920,1.4998614958448753,1.4519162932637864,0.0,6.0,49.3901108033241,2.6699366066570756,31,50
1787983,0.6,0.09999910000958534,36199,2920,1.496657458563536,1.4515146932652152,0.0,6.0,49.3917955801105,2.6664384510918544,31,50
1792983,0.0,0.09999910000958534,36299,2920,1.4932782369146005,1.4512591653486506,0.0,6.0,49.393471074380166,2.6629539545990695,31,50
1797983,0.3,0.09999910000958534,36399,2920,1.4898901098901098,1.4510348671642461,0.0,6.0,49.395137362637364,2.6594830289233853,31,50
1802983,0.0,0.09999910000958534,36499,2920,1.4864931506849315,1.4507281225541626,0.0,6.0,49.39679452054794,2.656025586601587,31,50
1807983,0.1,0.09999910000958534,36599,2920,1.4830054644808743,1.4504703344870482,0.0,6.0,49.39844262295082,2.652581540953516,31,50
1812983,0.2,0.09999910000958534,36699,2920,1.4794822888283379,1.4502423941293094,0.0,6.0,49.40008174386921,2.649150806073135,31,50
1817983,0.1,0.09999910000958534,36799,2920,1.4759782608695653,1.4500446468258414,0.0,6.0,49.40171195652174,2.6457332968197154,31,50
1822983,0.0,0.09999910000958534,36899,2920,1.4725745257452574,1.4497663153443594,0.0,6.0,49.403333333333336,2.6423289288091443,31,50
1827983,0.4,0.09999910000958534,36999,2920,1.4692972972972973,1.4495210926719222,0.0,6.0,49.40494594594595,2.638937618405353,31,50
1832983,0.1,0.09999910000958534,37099,2920,1.4660377358490566,1.4491768045945697,0.0,6.0,49.40654986522911,2.6355592827118612,31,50
1837983,0.0,0.09999910000958534,37199,2920,1.4627150537634408,1.4488620467917568,0.0,6.0,49.40814516129032,2.63219383956344,31,50
1842983,0.0,0.09999910000958534,37299,2920,1.459088471849866,1.448717367514964,0.0,6.0,49.40973190348525,2.628841207517886,31,50
1847983,0.0,0.09999910000958534,37399,2920,1.4558288770053476,1.4485197063557256,0.0,6.0,49.41131016042781,2.625501305847907,31,50
1852983,0.2,0.09999910000958534,37499,2920,1.4527733333333332,1.4481930034663504,0.0,6.0,49.41288,2.6221740545331214,31,50
1857983,0.3,0.09999910000958534,37599,2920,1.4495212765957446,1.4478541659012205,0.0,6.0,49.4144414893617,2.618859374252161,31,50
1862983,0.4,0.09999910000958534,37699,2920,1.4464986737400531,1.4473710533856248,0.0,6.0,49.41599469496021,2.6155571863748883,31,50
1867983,0.2,0.09999910000958534,37799,2920,1.4433862433862434,1.4470079196739438,0.0,6.0,49.41753968253968,2.612267412954708,31,50
1872983,0.4,0.09999910000958534,37899,2920,1.4400791556728232,1.4467589085195975,0.0,6.0,49.419076517150394,2.6089899767209945,31,50
1877983,0.0,0.09999910000958534,37999,2920,1.4368157894736842,1.4465048138851104,0.0,6.0,49.420605263157896,2.605724801071607,31,50
1882983,0.2,0.09999910000958534,38099,2920,1.4338057742782153,1.4460740421931084,0.0,6.0,49.42212598425197,2.6024718100655213,31,50
1887983,0.1,0.09999910000958534,38199,2920,1.4307329842931937,1.445689743500235,0.0,6.0,49.4236387434555,2.599230928415544,31,50
1892983,0.3,0.09999910000958534,38299,2920,1.427911227154047,1.4451861471631535,0.0,6.0,49.42514360313316,2.5960020814811338,31,50
1897983,0.1,0.09999910000958534,38399,2920,1.424609375,1.4448700934670364,0.0,6.0,49.426640625,2.592785195261319,31,50
1902983,0.7,0.09999910000958534,38499,2920,1.4215324675324674,1.4445234650754732,0.0,6.0,49.42812987012987,2.5895801963877,31,50
1907983,0.2,0.09999910000958534,38599,2920,1.4185492227979275,1.4441046740985508,0.0,6.0,49.42961139896373,2.586387012117555,31,50
1912983,0.1,0.09999910000958534,38699,2920,1.4156330749354005,1.4436848309813988,0.0,6.0,49.431085271317826,2.58320557032703,31,50
1917983,0.5,0.09999910000958534,38799,2920,1.4126546391752577,1.4432565068772172,0.0,6.0,49.43255154639175,2.5800357995044205,31,50
1922983,0.2,0.09999910000958534,38899,2920,1.4093573264781492,1.4429813639790348,0.0,6.0,49.43401028277635,2.5768776287435426,31,50
1927983,0.2,0.09999910000958534,38999,2920,1.406,1.442748409931189,0.0,6.0,49.43546153846154,2.573730987737192,31,50
1932983,0.3,0.09999910000958534,39099,2920,1.4030690537084398,1.4422881766449789,0.0,6.0,49.43690537084399,2.5705958067706813,31,50
1937983,0.2,0.09999910000958534,39199,2920,1.4001785714285715,1.441879077535524,0.0,6.0,49.43834183673469,2.5674720167154765,31,50
1942983,0.2,0.09999910000958534,39299,2920,1.3972773536895675,1.4415349879722703,0.0,6.0,49.43977099236641,2.5643595490228974,31,50
1947983,0.4,0.09999910000958534,39399,2920,1.3942893401015228,1.441108878444317,0.0,6.0,49.441192893401016,2.5612583357179184,31,50
1952983,0.3,0.09999910000958534,39499,2920,1.3914683544303796,1.4405846636172381,0.0,6.0,49.44260759493671,2.5581683093930363,31,50
1957983,0.1,0.09999910000958534,39599,2920,1.3884848484848484,1.440148956687189,0.0,6.0,49.44401515151515,2.5550894032022224,31,50
1962983,0.1,0.09999910000958534,39699,2920,1.38544080604534,1.4397381582705264,0.0,6.0,49.44541561712846,2.552021550854958,31,50
1967983,0.4,0.09999910000958534,39799,2920,1.3823366834170854,1.439386583198033,0.0,6.0,49.44680904522613,2.5489646866103355,31,50
1972983,0.1,0.09999910000958534,39899,2920,1.3796491228070176,1.438941715408877,0.0,6.0,49.44819548872181,2.5459187452712446,31,50
1977983,0.2,0.09999910000958534,39999,2920,1.37695,1.4384049143061215,0.0,6.0,49.449575,2.5428836621786295,31,50
1982983,0.3,0.09999910000958534,40099,2920,1.3742643391521197,1.437917592368914,0.0,6.0,49.45094763092269,2.5398593732058217,31,50
1987983,0.2,0.09999910000958534,40199,2920,1.3714676616915422,1.4374164341530045,0.0,6.0,49.45231343283582,2.5368458147529402,31,50
1992983,0.2,0.09999910000958534,40299,2920,1.3687841191066998,1.436869446746452,0.0,6.0,49.45367245657568,2.5338429237413695,31,50
1997983,0.2,0.09999910000958534,40399,2920,1.3659653465346535,1.4363750643657842,0.0,6.0,49.455024752475246,2.530850637608305,31,50
2002983,0.2,0.09999910000958534,40499,2920,1.3632592592592592,1.435852478561793,0.0,6.0,49.45637037037037,2.527868894301365,31,50
2007983,0.3,0.09999910000958534,40599,2920,1.3605172413793103,1.4353395878541622,0.0,6.0,49.457709359605914,2.524897632273276,31,50
2012983,0.1,0.09999910000958534,40699,2920,1.3577641277641277,1.4349070164433966,0.0,6.0,49.45904176904177,2.5219367904766212,31,50
2017983,0.4,0.09999910000958534,40799,2920,1.3550980392156862,1.4343590117896,0.0,6.0,49.460367647058824,2.518986308358659,31,50
2022983,0.2,0.09999910000958534,40899,2920,1.3526894865525672,1.433901905205704,0.0,6.0,49.461687041564794,2.5160461258562,31,50
2027983,0.2,0.09999910000958534,40999,2920,1.3498780487804878,1.4335015920452243,0.0,6.0,49.463,2.5131161833905553,31,50
2032983,0.4,0.09999910000958534,41099,2920,1.347250608272506,1.432996955821961,0.0,6.0,49.464306569343066,2.510196421862548,31,50
2037983,0.1,0.09999910000958534,41199,2920,1.3445873786407767,1.4325692597960302,0.0,6.0,49.465606796116504,2.5072867826475793,31,50
2042983,0.0,0.09999910000958534,41299,2920,1.341961259079903,1.4320398186093415,0.0,6.0,49.466900726392254,2.504387207590765,31,50
2047983,0.3,0.09999910000958534,41399,2920,1.3392512077294687,1.4316152222661456,0.0,6.0,49.4681884057971,2.501497639002125,31,50
2052983,0.2,0.09999910000958534,41499,2920,1.336578313253012,1.4311228561549854,0.0,6.0,49.46946987951807,2.4986180196518433,31,50
2057983,0.0,0.09999910000958534,41599,2920,1.333846153846154,1.4306529626042384,0.0,6.0,49.47074519230769,2.4957482927655725,31,50
2062983,0.3,0.09999910000958534,41699,2920,1.3311990407673862,1.430154944968476,0.0,6.0,49.47201438848921,2.4928884020198065,31,50
2067983,0.6,0.09999910000958534,41799,2920,1.3285645933014354,1.4296710053808703,0.0,6.0,49.473277511961726,2.4900382915373087,31,50
2072983,0.3,0.09999910000958534,41899,2920,1.3258233890214797,1.429203251953925,0.0,6.0,49.47453460620525,2.487197905882592,31,50
2077983,0.1,0.09999910000958534,41999,2920,1.3232857142857142,1.4286725987985571,0.0,6.0,49.47578571428571,2.484367190057463,31,50
2082983,0.1,0.09999910000958534,42099,2920,1.3207600950118765,1.4282063205256932,0.0,6.0,49.47703087885986,2.481546089496607,31,50
2087983,0.4,0.09999910000958534,42199,2920,1.3181990521327014,1.4276486412429015,0.0,6.0,49.478270142180094,2.4787345500632436,31,50
2092983,0.1,0.09999910000958534,42299,2920,1.315531914893617,1.4271563712792983,0.0,6.0,49.47950354609929,2.4759325180448224,31,50
2097983,0.1,0.09999910000958534,42399,2920,1.313066037735849,1.4266199118887652,0.0,6.0,49.48073113207547,2.4731399401487764,31,50
2102983,0.0,0.09999910000958534,42499,2920,1.3105647058823529,1.426108290971571,0.0,6.0,49.48195294117647,2.470356763498329,31,50
2107983,0.0,0.09999910000958534,42599,2920,1.3079577464788732,1.4256445896040224,0.0,6.0,49.48316901408451,2.4675829356283434,31,50
2112983,0.3,0.09999910000958534,42699,2920,1.3055971896955503,1.425029374541423,0.0,6.0,49.4843793911007,2.464818404481235,31,50
2117983,0.5,0.09999910000958534,42799,2920,1.3032943925233644,1.4245013514380847,0.0,6.0,49.48558411214953,2.4620631184029205,31,50
2122983,0.2,0.09999910000958534,42899,2920,1.3007226107226106,1.4240801030273564,0.0,6.0,49.486783216783216,2.459317026138826,31,50
2127983,0.1,0.09999910000958534,42999,2920,1.2983488372093024,1.4235190817080814,0.0,6.0,49.48797674418605,2.4565800768299355,31,50
2132983,0.4,0.09999910000958534,43099,2920,1.2958700696055685,1.4229561797127113,0.0,6.0,49.489164733178654,2.4538522200088906,31,50
2137983,0.4,0.09999910000958534,43199,2920,1.2934027777777777,1.4224727409975817,0.0,6.0,49.49034722222222,2.4511334055961376,31,50
2142983,0.1,0.09999910000958534,43299,2920,1.2910161662817552,1.4219485808151786,0.0,6.0,49.49152424942263,2.448423583896118,31,50
2147983,0.2,0.09999910000958534,43399,2920,1.2885253456221197,1.4214541592246142,0.0,6.0,49.49269585253456,2.445722705593504,31,50
2152983,0.3,0.09999910000958534,43499,2920,1.286022988505747,1.4209378639703538,0.0,6.0,49.49386206896552,2.4430307217494858,31,50
2157983,0.3,0.09999910000958534,43599,2920,1.2836009174311926,1.4203652671440719,0.0,6.0,49.495022935779815,2.440347583798091,31,50
2162983,0.5,0.09999910000958534,43699,2920,1.2812356979405035,1.4198141277157112,0.0,6.0,49.496178489702515,2.437673243542559,31,50
2167983,0.3,0.09999910000958534,43799,2920,1.278904109589041,1.4192005869057136,0.0,6.0,49.497328767123285,2.4350076531517537,31,50
2172983,0.1,0.09999910000958534,43899,2920,1.276492027334852,1.4187480426342718,0.0,6.0,49.49847380410023,2.432350765156614,31,50
2177983,0.0,0.09999910000958534,43999,2920,1.2740227272727274,1.4182824758494526,0.0,6.0,49.499613636363634,2.4297025324466546,31,50
2182983,0.6,0.09999910000958534,44099,2920,1.2717233560090704,1.4177122114159162,0.0,6.0,49.50074829931973,2.427062908266502,31,50
2187983,0.2,0.09999910000958534,44199,2920,1.2693665158371041,1.4171774435087945,0.0,6.0,49.5018778280543,2.4244318462124728,31,50
2192983,0.4,0.09999910000958534,44299,2920,1.267178329571106,1.4165872997028375,0.0,6.0,49.50300225733634,2.4218093002291945,31,50
2197983,0.3,0.09999910000958534,44399,2920,1.2647972972972974,1.4160261788158417,0.0,6.0,49.50412162162162,2.419195224606259,31,50
2202983,0.1,0.09999910000958534,44499,2920,1.26238202247191,1.415503463897571,0.0,6.0,49.50523595505618,2.4165895739749255,31,50
2207983,0.2,0.09999910000958534,44599,2920,1.2600448430493274,1.4149743687985354,0.0,6.0,49.50634529147982,2.413992303304849,31,50
2212983,0.5,0.09999910000958534,44699,2920,1.2577628635346756,1.4144829039619917,0.0,6.0,49.50744966442953,2.4114033679008577,31,50
2217983,0.1,0.09999910000958534,44799,2920,1.2555580357142857,1.4138908769103884,0.0,6.0,49.508549107142855,2.4088227233997648,31,50
2222983,0.3,0.09999910000958534,44899,2920,1.2533407572383073,1.413293937042605,0.0,6.0,49.509643652561245,2.4062503257672114,31,50
2227983,0.1,0.09999910000958534,44999,2920,1.250911111111111,1.4127668884099933,0.0,6.0,49.510733333333334,2.4036861312945534,31,50
2232983,0.3,0.09999910000958534,45099,2920,1.2486474501108646,1.4121712575431389,0.0,6.0,49.511818181818185,2.401130096595782,31,50
2237983,0.2,0.09999910000958534,45199,2920,1.2463274336283185,1.411640844934753,0.0,6.0,49.512898230088496,2.3985821786044754,31,50
2242983,0.2,0.09999910000958534,45299,2920,1.2439955849889626,1.4110734942452583,0.0,6.0,49.51397350993378,2.396042334570792,31,50
2247975,0.1,0.09999910000958534,45399,2921,1.241784140969163,1.410540367949933,0.0,6.0,49.51486784140969,2.3937692809039275,31,50
2252975,0.7,0.09999910000958534,45499,2921,1.2396043956043956,1.409963236050375,0.0,6.0,49.51593406593407,2.3912452400058215,31,50
2257975,0.1,0.09999910000958534,45599,2921,1.2375,1.4093973064909198,0.0,6.0,49.51699561403509,2.3887291471778993,31,50
2262975,0.1,0.09999910000958534,45699,2921,1.2351859956236324,1.4088515188504132,0.0,6.0,49.51805251641138,2.3862209609057787,31,50
2267975,0.2,0.09999910000958534,45799,2921,1.2330131004366813,1.408251449114533,0.0,6.0,49.51910480349345,2.3837206399771156,31,50
2272975,0.2,0.09999910000958534,45899,2921,1.230718954248366,1.4077027924779097,0.0,6.0,49.520152505446625,2.3812281434787943,31,50
2277975,0.0,0.09999910000958534,45999,2921,1.2285,1.4071497285987915,0.0,6.0,49.521195652173915,2.378743430794148,31,50
2282975,0.4,0.09999910000958534,46099,2921,1.226355748373102,1.4065771886188394,0.0,6.0,49.52223427331887,2.376266461600212,31,50
2287975,0.2,0.09999910000958534,46199,2921,1.224047619047619,1.4060466445191622,0.0,6.0,49.5232683982684,2.3737971958650066,31,50
2292975,0.3,0.09999910000958534,46299,2921,1.2218358531317495,1.40548542725663,0.0,6.0,49.52429805615551,2.3713355938448553,31,50
2297975,0.1,0.09999910000958534,46399,2921,1.2198706896551723,1.4048014894134135,0.0,6.0,49.52532327586207,2.3688816160817234,31,50
2302975,0.3,0.09999910000958534,46499,2921,1.2179569892473119,1.4041413854765978,0.0,6.0,49.5263440860215,2.3664352234006,31,50
2307975,0.0,0.09999910000958534,46599,2921,1.2157725321888413,1.4036693727210292,0.0,6.0,49.527360515021456,2.3639963769068935,31,50
2312975,0.3,0.09999910000958534,46699,2921,1.21372591006424,1.4031457598467016,0.0,6.0,49.52837259100642,2.361565037983871,31,50
2317975,0.0,0.09999910000958534,46799,2921,1.2115811965811967,1.402568789478463,0.0,6.0,49.52938034188034,2.3591411682901153,31,50
2322975,0.7,0.09999910000958534,46899,2921,1.2095309168443498,1.4019932481319142,0.0,6.0,49.53038379530917,2.356724729757017,31,50
2327975,0.3,0.09999910000958534,46999,2921,1.2075744680851064,1.4013739723613932,0.0,6.0,49.53138297872341,2.3543156845862874,31,50
2332975,0.3,0.09999910000958534,47099,2921,1.2054140127388535,1.400876427419344,0.0,6.0,49.532377919320595,2.3519139952475103,31,50
2337975,0.7,0.09999910000958534,47199,2921,1.2033898305084745,1.4002833976716593,0.0,6.0,49.5333686440678,2.349519624475707,31,50
2342975,0.1,0.09999910000958534,47299,2921,1.2012684989429177,1.3997275776181168,0.0,6.0,49.534355179704015,2.347132535268938,31,50
2347975,0.1,0.09999910000958534,47399,2921,1.1992405063291138,1.3991285161142144,0.0,6.0,49.53533755274262,2.3447526908859273,31,50
2352975,0.2,0.09999910000958534,47499,2921,1.1973473684210527,1.3985260343693513,0.0,6.0,49.53631578947368,2.3423800548437135,31,50
2357975,0.2,0.09999910000958534,47599,2921,1.1951470588235293,1.3979898456805053,0.0,6.0,49.53728991596638,2.3400145909153283,31,50
2362975,0.3,0.09999910000958534,47699,2921,1.1931656184486372,1.397363285179482,0.0,6.0,49.53825995807128,2.3376562631274944,31,50
2367975,0.5,0.09999910000958534,47799,2921,1.191213389121339,1.396740898866179,0.0,6.0,49.53922594142259,2.3353050357583567,31,50
2372975,0.2,0.09999910000958534,47899,2921,1.1892693110647181,1.3960882154585055,0.0,6.0,49.5401878914405,2.332960873335232,31,50
2377975,0.3,0.09999910000958534,47999,2921,1.1872916666666666,1.3954707084936926,0.0,6.0,49.54114583333333,2.330623740632388,31,50
2382975,0.1,0.09999910000958534,48099,2921,1.185114345114345,1.3949399339604651,0.0,6.0,49.54209979209979,2.32829360266884,31,50
2387975,0.3,0.09999910000958534,48199,2921,1.1831535269709543,1.394321029786834,0.0,6.0,49.54304979253112,2.3259704247061785,31,50
2392975,0.1,0.09999910000958534,48299,2921,1.1811387163561076,1.3937468853216115,0.0,6.0,49.54399585921325,2.3236541722464157,31,50
2397975,0.6,0.09999910000958534,48399,2921,1.1790702479338844,1.393261514561351,0.0,6.0,49.544938016528924,2.321344811029856,31,50
2402975,0.6,0.09999910000958534,48499,2921,1.1770721649484537,1.3927448552788204,0.0,6.0,49.54587628865979,2.319042307032993,31,50
2407975,0.4,0.09999910000958534,48599,2921,1.1750205761316872,1.3921980945813879,0.0,6.0,49.54681069958848,2.316746626466421,31,50
2412975,0.2,0.09999910000958534,48699,2921,1.173100616016427,1.3915760185266306,0.0,6.0,49.54774127310061,2.3144577357727796,31,50
2417975,0.4,0.09999910000958534,48799,2921,1.1712090163934425,1.3909878895127605,0.0,6.0,49.548668032786885,2.31217560162471,31,50
2422975,0.4,0.09999910000958534,48899,2921,1.1695296523517382,1.3903597332241198,0.0,6.0,49.54959100204499,2.309900190922841,31,50
2427975,0.2,0.09999910000958534,48999,2921,1.1676938775510204,1.3897515517806778,0.0,6.0,49.55051020408163,2.3076314707937913,31,50
2432975,0.5,0.09999910000958534,49099,2921,1.1657433808553972,1.389172418192346,0.0,6.0,49.55142566191446,2.305369408588198,31,50
2437975,0.4,0.09999910000958534,49199,2921,1.1638211382113821,1.388582959234027,0.0,6.0,49.552337398373986,2.303113971878758,31,50
2442975,0.2,0.09999910000958534,49299,2921,1.1619066937119675,1.3879929968286062,0.0,6.0,49.55324543610548,2.300865128458302,31,50
2447975,0.4,0.09999910000958534,49399,2921,1.1599797570850203,1.3874267678070333,0.0,6.0,49.55414979757085,2.2986228463378757,31,50
2452975,0.4,0.09999910000958534,49499,2921,1.1583636363636363,1.386788947511593,0.0,6.0,49.5550505050505,2.2963870937448516,31,50
2457975,0.2,0.09999910000958534,49599,2921,1.156733870967742,1.3861465419020282,0.0,6.0,49.55594758064516,2.2941578391210573,31,50
2462975,0.2,0.09999910000958534,49699,2921,1.1549295774647887,1.38563369237584,0.0,6.0,49.55684104627767,2.29193505112092,31,50
2467975,0.2,0.09999910000958534,49799,2921,1.153152610441767,1.384994925832416,0.0,6.0,49.55773092369478,2.2897186986096347,31,50
2472975,0.1,0.09999910000958534,49899,2921,1.1514228456913829,1.3843372996048589,0.0,6.0,49.55861723446894,2.2875087506613547,31,50
2477975,0.6,0.09999910000958534,49999,2921,1.14962,1.3837607653059107,0.0,6.0,49.5595,2.285305176557389,31,50
2482975,0.2,0.09999910000958534,50099,2921,1.1478842315369262,1.3830837549564414,0.0,6.0,49.56037924151697,2.283107945784433,31,50
2487975,0.5,0.09999910000958534,50199,2921,1.1462948207171315,1.38239940115576,0.0,6.0,49.56125498007968,2.280917028032808,31,50
2492975,0.3,0.09999910000958534,50299,2921,1.14441351888668,1.3817971715977457,0.0,6.0,49.562127236580515,2.2787323931947228,31,50
2497975,0.5,0.09999910000958534,50399,2921,1.142638888888889,1.3812345598345361,0.0,6.0,49.56299603174603,2.2765540113625504,31,50
2502975,0.4,0.09999910000958534,50499,2921,1.1408514851485148,1.3806521875881175,0.0,6.0,49.56386138613861,2.2743818528271293,31,50
2507975,0.4,0.09999910000958534,50599,2921,1.1392094861660078,1.3800484638010566,0.0,6.0,49.5647233201581,2.272215888076073,31,50
2512975,0.1,0.09999910000958534,50699,2921,1.137475345167653,1.3795047909764757,0.0,6.0,49.565581854043394,2.2700560877921068,31,50
2517975,0.0,0.09999910000958534,50799,2921,1.1357086614173229,1.3789219263255472,0.0,6.0,49.566437007874015,2.267902422851411,31,50
2522975,0.4,0.09999910000958534,50899,2921,1.1339292730844794,1.3783051303415357,0.0,6.0,49.567288801571706,2.2657548643219902,31,50
2527975,0.4,0.09999910000958534,50999,2921,1.1319803921568627,1.3777549227153982,0.0,6.0,49.56813725490196,2.263613383462057,31,50
2532971,0.1,0.09999910000958534,51099,2922,1.1301565557729942,1.3771786067264216,0.0,6.0,49.56890410958904,2.261532257835745,31,50
2537971,0.3,0.09999910000958534,51199,2922,1.12833984375,1.3765593351745598,0.0,6.0,49.56974609375,2.259402820969872,31,50
2542971,0.2,0.09999910000958534,51299,2922,1.1264912280701755,1.375985901523017,0.0,6.0,49.570584795321636,2.2572793766679,31,50
2547971,0.5,0.09999910000958534,51399,2922,1.1249221789883268,1.3753024052935219,0.0,6.0,49.57142023346304,2.255161896933453,31,50
